id,speed
0,48.019314
1,47.875473
2,38.483986
3,30.048992
4,41.216118
5,23.535244
6,18.905365
7,49.027737
8,47.396656
9,29.49255
10,31.416422
11,24.71437
12,22.599482
13,24.605515
14,27.019669
15,39.011284
16,43.724842
17,48.467445
18,48.953327
19,49.25612
20,46.730915
21,41.937496
22,19.02149
23,30.145977
24,26.815786
25,19.489174
26,17.650423
27,19.225712
28,16.36475
29,12.23737
30,25.339405
31,47.85919
32,49.441353
33,30.2193
34,29.083612
35,26.967957
36,21.230192
37,20.953203
38,45.457485
39,40.403797
40,45.37536
41,47.698494
42,48.66238
43,42.23895
44,20.808277
45,18.496626
46,17.393385
47,13.021692
48,43.742344
49,48.88198
50,48.360428
51,25.52253
52,22.63167
53,20.335964
54,18.758049
55,18.162964
56,13.743189
57,15.965895
58,25.29816
59,35.14581
60,43.395306
61,39.61542
62,41.28338
63,42.866467
64,44.797688
65,47.41699
66,47.71833
67,45.595055
68,41.665485
69,26.341686
70,22.212582
71,18.371496
72,15.447642
73,15.85287
74,12.251973
75,7.3893127
76,41.8037
77,38.79244
78,43.11804
79,47.368736
80,14.080924
81,17.553782
82,23.245146
83,15.375253
84,16.046707
85,12.397876
86,19.971558
87,35.18441
88,44.668365
89,41.014156
90,48.966446
91,48.290096
92,47.348797
93,46.383575
94,26.878456
95,14.606238
96,24.31467
97,10.913174
98,9.115408
99,19.662941
100,39.826885
101,47.60206
102,15.120675
103,17.13015
104,14.673011
105,44.08698
106,36.07006
107,48.81008
108,43.585636
109,14.345236
110,9.463117
111,9.218953
112,20.780384
113,34.979523
114,38.049133
115,48.800186
116,49.221016
117,40.896523
118,27.539206
119,22.69485
120,20.401917
121,17.830818
122,30.837475
123,47.30583
124,47.13879
125,41.92179
126,42.045704
127,37.987583
128,41.713036
129,33.729073
130,49.442043
131,47.532368
132,46.55617
133,27.924881
134,24.747065
135,23.460276
136,38.867035
137,47.127293
138,50.106777
139,47.854626
140,46.903084
141,43.668343
142,25.038525
143,14.018626
144,20.516752
145,18.246502
146,18.6782
147,49.314507
148,50.529427
149,47.53444
150,47.982887
151,17.547594
152,16.85116
153,15.878371
154,7.7731647
155,21.065556
156,36.745876
157,46.11822
158,42.60205
159,47.316967
160,49.58526
161,50.479736
162,48.59753
163,47.785652
164,44.766396
165,26.147259
166,14.230159
167,19.0029
168,17.390064
169,18.252514
170,11.745071
171,10.898924
172,46.67728
173,47.876244
174,43.563965
175,24.722479
176,20.755728
177,16.613419
178,17.273365
179,10.388827
180,46.260967
181,48.158997
182,48.67486
183,48.448036
184,39.352074
185,18.852259
186,15.433398
187,39.30338
188,30.275293
189,48.51817
190,42.839928
191,43.76686
192,37.82964
193,36.396503
194,31.713816
195,30.213953
196,28.990084
197,42.43736
198,35.678577
199,47.70986
200,46.057514
201,26.04888
202,23.440739
203,20.887825
204,17.247665
205,18.604908
206,38.526314
207,40.937473
208,48.724873
209,48.79786
210,46.63233
211,47.033905
212,26.501577
213,14.49543
214,22.243847
215,22.521849
216,16.908123
217,24.551777
218,45.824318
219,48.000233
220,46.911877
221,44.96328
222,27.3888
223,18.292046
224,10.031194
225,24.55589
226,48.87666
227,48.560028
228,18.339071
229,24.423834
230,18.62835
231,17.323511
232,45.554436
233,48.42373
234,46.65105
235,20.850698
236,25.55272
237,21.16128
238,26.918097
239,43.648884
240,36.536217
241,40.1872
242,49.30563
243,49.691093
244,48.56534
245,48.993706
246,28.51337
247,23.535578
248,21.020472
249,20.025454
250,19.503561
251,34.506123
252,43.50755
253,32.16278
254,34.08671
255,47.48808
256,46.909348
257,45.565636
258,43.140755
259,42.925434
260,40.214855
261,34.89868
262,38.646225
263,42.531517
264,31.775848
265,42.053837
266,48.307148
267,45.111557
268,19.866522
269,20.84567
270,16.58282
271,16.966759
272,17.478132
273,14.3616
274,46.425266
275,47.88585
276,48.205013
277,47.75951
278,27.683636
279,15.48653
280,19.383684
281,24.203026
282,20.608055
283,16.771656
284,13.598116
285,12.546965
286,48.069992
287,47.143745
288,12.194165
289,16.714504
290,14.768507
291,10.642905
292,10.107331
293,26.415224
294,46.88861
295,48.833702
296,47.318367
297,33.565166
298,22.709896
299,32.988434
300,25.134146
301,20.81146
302,25.402084
303,41.169865
304,39.331875
305,49.626865
306,48.531807
307,49.25151
308,44.767986
309,30.842619
310,17.83613
311,7.979332
312,39.964417
313,32.559795
314,34.84315
315,48.560284
316,47.852093
317,37.45987
318,32.402267
319,31.05775
320,43.127922
321,46.291294
322,46.59234
323,46.326687
324,45.834
325,43.524593
326,44.5812
327,40.454384
328,40.997425
329,38.010956
330,37.473118
331,38.427177
332,40.1403
333,35.705864
334,34.72645
335,43.120945
336,47.25961
337,46.920284
338,15.243478
339,19.18256
340,20.490326
341,25.367167
342,43.08342
343,43.199615
344,48.617096
345,48.388706
346,47.700302
347,16.814178
348,37.69146
349,49.532146
350,49.027294
351,48.180336
352,31.737373
353,16.181408
354,24.976212
355,18.626385
356,16.582106
357,23.108654
358,37.000607
359,43.586777
360,44.032085
361,49.49869
362,15.73528
363,24.59842
364,19.053719
365,16.281689
366,12.2932415
367,22.927048
368,41.104904
369,49.515476
370,48.78158
371,48.279186
372,47.910034
373,17.971098
374,18.811253
375,9.383079
376,22.943619
377,32.65582
378,36.45816
379,49.433636
380,30.600468
381,16.447733
382,15.505844
383,27.046694
384,47.995697
385,48.31564
386,47.794647
387,46.17396
388,40.641098
389,38.74454
390,35.11058
391,33.104725
392,49.08717
393,49.214897
394,47.867455
395,18.571627
396,17.888662
397,25.824678
398,23.481407
399,15.5616255
400,11.736395
401,35.902348
402,36.118027
403,49.241405
404,47.639965
405,45.123596
406,31.533144
407,17.005512
408,18.429453
409,16.687061
410,16.250618
411,8.034562
412,42.524185
413,35.547005
414,43.361423
415,49.637753
416,48.52648
417,48.217247
418,47.802666
419,32.217014
420,16.888334
421,9.457624
422,43.4997
423,36.783096
424,50.107914
425,50.234814
426,47.135223
427,33.82406
428,28.571686
429,42.90172
430,41.634373
431,49.254833
432,48.143898
433,45.89386
434,22.259275
435,31.807741
436,29.173512
437,24.413383
438,49.03706
439,48.581924
440,49.24264
441,39.634632
442,31.996916
443,31.570164
444,29.03649
445,35.703213
446,33.141525
447,34.987885
448,46.652885
449,45.877384
450,45.1936
451,48.028015
452,45.218906
453,44.86451
454,45.522503
455,44.51355
456,43.659966
457,44.70006
458,48.970695
459,48.79338
460,37.04688
461,30.88826
462,34.95013
463,29.506517
464,28.744392
465,41.438423
466,47.90736
467,48.585236
468,47.31191
469,45.136612
470,24.709929
471,29.827896
472,29.026087
473,27.651932
474,20.84352
475,28.218838
476,48.11738
477,45.27007
478,39.20902
479,28.10938
480,27.67826
481,25.207136
482,26.63734
483,47.920723
484,47.49615
485,47.10393
486,32.190624
487,38.43437
488,28.322376
489,18.399103
490,16.215881
491,37.61479
492,44.24053
493,47.74553
494,47.885128
495,46.875496
496,25.829517
497,34.986477
498,43.34906
499,48.798275
500,48.86367
501,49.272923
502,48.653435
503,48.062115
504,34.900784
505,34.699703
506,30.093462
507,27.855936
508,27.415745
509,46.2868
510,46.113663
511,45.829582
512,45.255806
513,45.170837
514,43.253723
515,41.24713
516,41.445847
517,44.886303
518,47.526546
519,47.20496
520,19.896315
521,25.884277
522,21.170025
523,21.830135
524,15.877333
525,47.21468
526,47.934116
527,48.097248
528,46.87002
529,27.92934
530,19.480583
531,24.117456
532,19.601252
533,17.015501
534,14.688171
535,46.90019
536,27.35005
537,18.154844
538,15.660165
539,17.339216
540,12.731623
541,10.773167
542,46.077343
543,44.832066
544,48.22902
545,44.82394
546,14.248788
547,19.88271
548,21.3685
549,19.814083
550,17.95668
551,40.153797
552,41.32279
553,49.229733
554,48.322113
555,45.113552
556,28.750927
557,17.05018
558,20.369099
559,23.087873
560,18.860556
561,19.295609
562,18.893566
563,20.930817
564,17.604185
565,13.631639
566,44.886456
567,36.931084
568,39.56712
569,49.096455
570,48.60182
571,34.15617
572,43.82049
573,46.75217
574,46.95861
575,47.25491
576,47.0332
577,43.859882
578,43.256413
579,43.921078
580,44.153908
581,36.353848
582,49.14291
583,48.859512
584,16.654015
585,17.934772
586,25.410728
587,24.545998
588,19.77794
589,18.433947
590,20.165071
591,18.103733
592,44.298252
593,48.913727
594,49.067677
595,47.67933
596,46.053585
597,28.558306
598,24.26569
599,18.810066
600,12.881892
601,47.74845
602,47.381252
603,45.05507
604,14.014954
605,19.720388
606,39.52641
607,41.07058
608,48.90827
609,49.13079
610,47.84333
611,47.25968
612,42.947334
613,13.949208
614,20.391811
615,17.262127
616,15.923196
617,18.416538
618,11.263235
619,19.843124
620,40.39186
621,50.333443
622,49.692657
623,48.52844
624,45.97595
625,27.13249
626,17.34969
627,16.318115
628,17.886236
629,12.021368
630,22.968155
631,50.272842
632,49.085827
633,48.46301
634,42.054462
635,26.358349
636,23.228094
637,47.978695
638,48.507545
639,47.784626
640,42.65125
641,42.055943
642,42.039635
643,40.151333
644,39.468273
645,39.148945
646,37.69195
647,47.683903
648,47.721523
649,47.094185
650,44.797634
651,16.267025
652,18.412025
653,11.148696
654,19.369608
655,47.737183
656,47.90863
657,47.324375
658,46.64485
659,46.410496
660,43.912514
661,15.32623
662,22.369797
663,17.632627
664,18.426983
665,18.663801
666,17.693329
667,10.7428255
668,43.736862
669,38.706875
670,43.26032
671,47.550423
672,44.135628
673,22.290823
674,17.281952
675,34.48257
676,48.47047
677,47.803837
678,46.464066
679,14.354913
680,23.812073
681,19.386944
682,20.226685
683,18.355677
684,43.9066
685,48.311665
686,47.25012
687,47.31388
688,44.671776
689,26.568892
690,18.018393
691,22.631832
692,16.681702
693,16.180058
694,48.935585
695,48.01388
696,40.024498
697,26.910902
698,24.830595
699,20.345352
700,17.90309
701,20.486885
702,40.851532
703,46.0574
704,47.771362
705,48.208206
706,47.681614
707,46.967663
708,43.427536
709,39.37623
710,40.688957
711,41.080704
712,40.726788
713,41.213177
714,37.350292
715,44.19814
716,37.15117
717,45.961063
718,46.99345
719,27.398434
720,11.438783
721,10.087335
722,5.5483236
723,42.895218
724,42.441246
725,47.41284
726,47.00436
727,25.724401
728,16.251541
729,16.040062
730,10.902999
731,42.577766
732,47.395443
733,48.33004
734,44.007576
735,13.621199
736,13.031805
737,13.299808
738,13.303076
739,7.248846
740,32.64649
741,41.931053
742,47.929214
743,48.285732
744,48.18986
745,25.92879
746,17.100325
747,22.861588
748,22.204288
749,17.337584
750,16.787746
751,15.815795
752,40.16591
753,48.241173
754,48.108765
755,47.122124
756,46.65471
757,14.980238
758,16.807222
759,15.014333
760,15.480222
761,10.965
762,22.189854
763,43.987526
764,34.384182
765,37.926483
766,49.29381
767,48.516373
768,41.022438
769,22.530664
770,20.509644
771,19.960764
772,33.81146
773,46.133854
774,46.465126
775,46.274876
776,45.791912
777,45.84781
778,42.652206
779,37.00482
780,48.05805
781,48.21351
782,47.673058
783,15.001745
784,16.96927
785,17.706491
786,13.454994
787,14.899933
788,9.709693
789,22.938335
790,48.25603
791,48.439476
792,47.36284
793,48.25396
794,21.53919
795,21.36944
796,16.200077
797,9.917279
798,22.013805
799,47.06601
800,26.410776
801,13.539903
802,16.829765
803,12.745676
804,13.272715
805,10.252608
806,36.43981
807,43.951633
808,47.666035
809,47.811275
810,47.75214
811,47.241234
812,27.850323
813,14.791581
814,19.708755
815,19.016376
816,18.100367
817,43.6655
818,36.361874
819,50.137848
820,48.597717
821,25.724134
822,30.864452
823,26.113457
824,24.774979
825,26.089985
826,49.23798
827,48.687782
828,35.571346
829,34.354652
830,36.638676
831,35.580296
832,45.38325
833,38.23307
834,47.920807
835,48.134247
836,45.673306
837,44.96723
838,39.556477
839,37.50224
840,48.867546
841,49.310028
842,48.611183
843,35.64777
844,27.556019
845,23.238169
846,27.389147
847,41.04608
848,48.020588
849,48.145493
850,47.769302
851,15.768254
852,24.574844
853,23.86291
854,22.321243
855,23.17507
856,21.257156
857,42.37441
858,46.454933
859,48.311943
860,47.459606
861,46.913013
862,21.434275
863,30.907162
864,25.921478
865,23.722828
866,26.256754
867,46.281193
868,41.77632
869,49.674664
870,47.908997
871,26.73658
872,30.192839
873,24.842772
874,47.89455
875,47.883636
876,48.95956
877,48.574757
878,47.230247
879,18.675793
880,13.30903
881,12.419346
882,21.836021
883,44.06702
884,39.56159
885,47.6706
886,49.014874
887,48.09339
888,48.12481
889,47.644913
890,40.336803
891,21.980673
892,23.219244
893,23.76756
894,38.78699
895,47.554443
896,45.23931
897,42.65509
898,45.77902
899,43.36236
900,48.761803
901,47.831036
902,46.891228
903,27.328638
904,15.281763
905,18.816656
906,21.741964
907,19.337923
908,17.290905
909,15.07332
910,36.59106
911,43.85904
912,47.007523
913,46.934944
914,46.42271
915,26.032084
916,22.30869
917,17.912413
918,20.35098
919,14.49677
920,47.748844
921,48.450478
922,47.520454
923,12.798218
924,24.262846
925,20.39284
926,15.572824
927,18.299702
928,12.136074
929,9.499111
930,18.188196
931,35.308506
932,45.063084
933,48.204838
934,15.492804
935,18.819647
936,18.683239
937,16.472008
938,12.428474
939,19.724289
940,44.306446
941,48.934845
942,49.143898
943,47.896683
944,47.294582
945,28.95035
946,16.295815
947,25.308975
948,22.443584
949,16.768436
950,40.578537
951,47.324337
952,48.470264
953,45.92586
954,38.869328
955,24.54605
956,23.370134
957,16.870861
958,42.14559
959,36.179474
960,44.954193
961,46.962795
962,47.288067
963,45.142612
964,46.02327
965,44.522358
966,45.562225
967,43.89281
968,44.333935
969,43.515125
970,40.990383
971,37.354362
972,46.350628
973,16.134403
974,20.294632
975,26.998842
976,17.61071
977,17.300056
978,20.957014
979,15.274419
980,12.887422
981,22.353146
982,44.568268
983,48.102566
984,48.64036
985,47.267456
986,26.230158
987,17.9056
988,16.846212
989,11.043464
990,35.04695
991,45.33248
992,49.39299
993,48.031033
994,47.544323
995,47.020924
996,28.596498
997,14.93632
998,17.416468
999,22.19552
1000,16.7456
1001,14.754725
1002,16.15774
1003,10.883009
1004,19.757587
1005,44.759014
1006,48.76067
1007,47.075798
1008,45.018112
1009,28.973839
1010,17.833733
1011,17.74331
1012,12.561012
1013,11.128139
1014,43.702328
1015,49.116417
1016,48.044434
1017,29.842182
1018,19.004251
1019,24.97284
1020,15.650653
1021,17.185291
1022,9.862486
1023,39.621532
1024,46.076992
1025,37.619656
1026,48.89078
1027,28.338108
1028,20.733845
1029,20.079954
1030,21.604452
1031,20.145708
1032,20.445772
1033,42.56584
1034,40.902386
1035,45.4675
1036,47.899334
1037,47.948135
1038,42.733047
1039,40.50871
1040,41.554325
1041,39.81798
1042,36.6582
1043,36.656677
1044,46.016224
1045,38.864025
1046,38.457996
1047,48.19012
1048,47.44451
1049,47.855274
1050,26.121597
1051,20.934122
1052,17.067432
1053,8.572381
1054,46.847294
1055,48.389324
1056,48.093166
1057,46.727333
1058,44.858006
1059,13.373607
1060,21.241716
1061,17.5764
1062,9.459588
1063,37.443897
1064,46.95673
1065,42.748455
1066,49.04245
1067,47.770367
1068,48.29802
1069,47.076115
1070,46.809868
1071,44.526886
1072,13.147515
1073,16.098955
1074,13.082855
1075,20.20501
1076,36.570114
1077,49.1623
1078,44.980316
1079,13.406127
1080,15.683843
1081,15.596736
1082,15.365291
1083,11.447662
1084,44.67367
1085,39.66685
1086,45.180317
1087,47.449543
1088,17.230715
1089,9.992053
1090,36.832203
1091,40.1776
1092,48.553715
1093,48.262596
1094,46.795837
1095,38.937214
1096,25.705956
1097,20.603289
1098,15.017357
1099,15.43419
1100,17.636616
1101,33.692364
1102,40.2131
1103,38.421818
1104,30.562857
1105,31.53734
1106,46.898888
1107,47.21052
1108,43.200455
1109,41.603706
1110,42.260944
1111,40.394104
1112,38.552586
1113,43.862213
1114,44.649525
1115,48.61381
1116,48.39607
1117,47.73089
1118,25.523012
1119,23.06321
1120,37.447914
1121,40.57196
1122,43.479767
1123,49.564987
1124,45.910107
1125,29.717398
1126,27.093966
1127,28.107458
1128,24.415089
1129,36.67922
1130,43.93693
1131,47.394054
1132,46.74058
1133,44.144318
1134,30.583033
1135,18.843964
1136,22.350117
1137,21.301598
1138,21.809727
1139,13.351741
1140,45.864845
1141,41.054993
1142,48.06157
1143,49.278996
1144,47.478474
1145,31.49709
1146,21.278097
1147,19.86151
1148,46.026672
1149,44.05616
1150,14.940113
1151,23.690409
1152,24.425364
1153,18.345228
1154,19.012682
1155,12.200082
1156,11.430589
1157,23.239096
1158,38.79588
1159,37.383087
1160,48.012363
1161,47.206688
1162,48.17797
1163,47.47594
1164,28.693895
1165,20.525026
1166,22.573244
1167,20.34309
1168,44.223873
1169,46.558876
1170,46.428654
1171,42.486187
1172,37.39611
1173,37.44254
1174,45.79363
1175,47.661823
1176,47.294266
1177,26.343035
1178,14.39088
1179,17.957502
1180,17.865053
1181,18.456264
1182,12.599054
1183,46.10304
1184,44.541836
1185,46.65506
1186,46.00239
1187,45.454697
1188,24.765076
1189,17.143421
1190,15.788713
1191,18.395418
1192,35.32741
1193,44.264732
1194,47.271347
1195,46.52024
1196,45.829308
1197,43.11392
1198,23.738886
1199,41.730984
1200,47.975143
1201,47.34143
1202,43.496075
1203,13.628677
1204,22.656738
1205,16.749796
1206,16.467373
1207,8.550127
1208,18.614998
1209,34.08065
1210,47.090687
1211,45.109062
1212,23.563213
1213,20.520395
1214,20.501823
1215,17.940668
1216,46.887257
1217,48.212475
1218,47.515865
1219,41.669865
1220,27.3362
1221,23.75067
1222,18.189508
1223,22.432863
1224,20.956713
1225,18.302189
1226,16.736862
1227,40.78192
1228,33.976456
1229,35.856594
1230,47.269802
1231,47.95117
1232,41.886578
1233,37.520813
1234,37.99479
1235,47.014
1236,14.995698
1237,20.808004
1238,18.108204
1239,15.284912
1240,24.525295
1241,46.283432
1242,41.282707
1243,43.18927
1244,48.123814
1245,47.454235
1246,17.79792
1247,25.391735
1248,25.244911
1249,13.980386
1250,45.43576
1251,48.810616
1252,47.423016
1253,47.74587
1254,25.380203
1255,15.937261
1256,18.003948
1257,41.107098
1258,47.80091
1259,47.720623
1260,47.22016
1261,45.07135
1262,27.519424
1263,25.336891
1264,18.377245
1265,18.424536
1266,16.134878
1267,17.340073
1268,22.147327
1269,48.1739
1270,47.82077
1271,48.63095
1272,45.35336
1273,15.050652
1274,17.294224
1275,17.370848
1276,18.215384
1277,12.319827
1278,21.81643
1279,38.276928
1280,45.38945
1281,36.9049
1282,47.340557
1283,47.91168
1284,46.97243
1285,26.194717
1286,27.165865
1287,23.593391
1288,21.45932
1289,21.386713
1290,36.917553
1291,47.459743
1292,47.667057
1293,44.66783
1294,42.92318
1295,43.090626
1296,40.44566
1297,37.672657
1298,46.430187
1299,46.448433
1300,46.727913
1301,44.40244
1302,23.546726
1303,14.060416
1304,22.99799
1305,48.23352
1306,48.017452
1307,48.66007
1308,48.394672
1309,30.208807
1310,19.608847
1311,28.613
1312,24.370964
1313,24.500515
1314,16.455925
1315,25.710617
1316,39.99401
1317,42.359375
1318,44.37113
1319,47.295933
1320,47.451565
1321,45.02819
1322,17.825415
1323,17.16036
1324,19.86453
1325,24.585432
1326,48.307705
1327,23.09378
1328,20.737698
1329,18.051855
1330,20.094189
1331,12.819214
1332,24.189987
1333,39.550606
1334,39.0113
1335,47.8945
1336,46.792934
1337,45.133747
1338,18.532032
1339,19.890856
1340,18.565325
1341,18.091206
1342,49.311398
1343,48.269314
1344,42.592545
1345,28.59123
1346,24.864603
1347,19.333117
1348,18.729712
1349,40.23035
1350,39.801186
1351,41.392853
1352,41.90388
1353,41.710773
1354,41.51965
1355,39.429375
1356,44.576912
1357,37.811783
1358,46.89553
1359,28.028229
1360,27.51954
1361,26.407396
1362,19.740286
1363,15.617035
1364,15.536876
1365,12.371569
1366,10.382111
1367,37.85328
1368,47.546577
1369,28.890718
1370,26.356184
1371,16.97126
1372,10.253732
1373,37.592773
1374,47.434795
1375,47.46598
1376,48.03363
1377,27.801554
1378,19.18995
1379,40.641235
1380,41.808098
1381,47.482964
1382,18.023268
1383,10.239641
1384,38.12076
1385,43.861225
1386,41.227325
1387,47.83657
1388,48.34064
1389,45.5371
1390,13.803174
1391,16.78117
1392,20.921778
1393,17.760761
1394,18.840986
1395,13.758657
1396,44.407104
1397,48.857204
1398,47.980267
1399,48.20675
1400,23.471985
1401,24.14604
1402,46.72421
1403,46.575703
1404,46.195217
1405,44.728844
1406,45.70838
1407,45.022644
1408,45.86476
1409,44.64239
1410,45.345524
1411,46.397087
1412,46.240295
1413,46.609768
1414,11.897793
1415,27.25629
1416,39.758446
1417,46.232067
1418,45.586624
1419,45.167934
1420,16.478432
1421,22.964735
1422,21.90819
1423,18.382824
1424,17.20379
1425,13.303347
1426,11.111398
1427,23.052248
1428,38.928925
1429,46.54335
1430,46.969685
1431,46.109608
1432,45.460957
1433,43.359833
1434,19.403254
1435,16.363209
1436,17.50408
1437,15.993332
1438,11.05231
1439,21.229328
1440,37.654984
1441,43.75837
1442,47.46408
1443,46.515816
1444,43.686096
1445,24.319654
1446,16.82715
1447,43.476406
1448,46.7241
1449,44.472984
1450,25.034891
1451,11.986326
1452,13.903247
1453,15.270007
1454,10.688622
1455,38.06952
1456,36.182472
1457,48.418247
1458,48.06155
1459,46.68253
1460,22.18389
1461,19.09526
1462,21.367004
1463,35.59582
1464,45.330803
1465,47.336403
1466,47.09181
1467,46.413532
1468,43.80118
1469,42.753036
1470,43.28503
1471,41.72403
1472,46.7722
1473,46.35679
1474,11.484286
1475,16.186651
1476,14.527819
1477,10.646249
1478,38.611332
1479,39.950756
1480,47.45634
1481,46.946552
1482,46.356228
1483,25.375502
1484,22.465107
1485,22.127386
1486,19.940344
1487,16.800755
1488,12.77929
1489,11.762596
1490,22.549488
1491,38.447834
1492,46.400852
1493,45.787476
1494,45.023163
1495,41.896744
1496,18.307167
1497,16.244884
1498,16.03399
1499,10.323851
1500,21.319502
1501,37.836857
1502,45.298485
1503,47.68582
1504,46.348892
1505,43.607548
1506,13.407849
1507,17.170183
1508,19.647497
1509,17.459696
1510,16.492392
1511,12.386653
1512,10.68738
1513,38.081547
1514,44.248703
1515,37.3445
1516,44.142353
1517,19.06385
1518,9.472671
1519,38.22856
1520,35.913734
1521,47.06714
1522,46.01954
1523,26.021578
1524,21.513529
1525,17.576435
1526,17.570906
1527,19.13777
1528,40.96154
1529,32.171383
1530,45.040054
1531,46.556488
1532,39.46899
1533,39.577953
1534,44.539757
1535,42.875805
1536,35.37601
1537,49.06922
1538,48.464985
1539,49.284466
1540,48.893475
1541,48.19926
1542,26.379467
1543,28.483778
1544,28.879187
1545,26.276346
1546,26.727552
1547,40.447475
1548,47.336975
1549,48.01902
1550,46.874012
1551,44.337814
1552,25.425507
1553,22.159678
1554,18.595142
1555,16.629791
1556,12.372575
1557,24.217474
1558,37.573967
1559,47.415264
1560,48.215775
1561,46.902607
1562,46.299557
1563,11.242898
1564,19.949606
1565,12.061352
1566,11.118789
1567,23.799854
1568,45.73832
1569,47.854286
1570,22.466022
1571,21.806974
1572,16.284286
1573,16.68906
1574,11.7899
1575,23.690306
1576,44.205154
1577,41.90738
1578,47.12666
1579,47.284565
1580,46.08737
1581,43.812683
1582,23.450172
1583,18.230665
1584,13.085589
1585,9.204822
1586,37.149174
1587,43.153492
1588,33.95655
1589,36.658657
1590,45.945545
1591,47.119595
1592,46.461826
1593,38.942253
1594,25.21558
1595,19.324379
1596,13.296281
1597,32.436317
1598,41.472767
1599,33.8538
1600,45.015358
1601,45.00924
1602,44.472263
1603,44.256298
1604,38.121452
1605,35.014557
1606,38.175686
1607,36.8291
1608,33.89112
1609,46.089108
1610,46.282017
1611,46.00056
1612,44.885784
1613,19.111774
1614,18.131203
1615,20.59756
1616,19.639847
1617,35.564888
1618,42.282684
1619,47.043564
1620,47.517582
1621,46.443176
1622,46.670456
1623,45.87795
1624,43.842457
1625,25.521614
1626,16.750046
1627,24.772078
1628,22.778986
1629,16.657635
1630,12.608336
1631,47.169422
1632,47.679832
1633,46.454605
1634,46.887302
1635,45.736835
1636,43.663006
1637,13.596385
1638,23.368198
1639,22.439161
1640,15.980395
1641,10.228497
1642,23.237394
1643,35.23159
1644,42.38825
1645,46.894352
1646,47.30499
1647,46.233147
1648,23.173801
1649,16.023527
1650,18.283985
1651,17.370695
1652,10.0511265
1653,22.866594
1654,38.111748
1655,36.605827
1656,45.681107
1657,44.791428
1658,13.74759
1659,21.564867
1660,19.189098
1661,15.407024
1662,18.23265
1663,19.249178
1664,18.381577
1665,35.777386
1666,45.769665
1667,37.696903
1668,23.526506
1669,18.542711
1670,21.02784
1671,17.014194
1672,35.037205
1673,28.832003
1674,30.499098
1675,44.899494
1676,47.511356
1677,46.64683
1678,36.604465
1679,44.46271
1680,45.920273
1681,48.18757
1682,48.442497
1683,47.72096
1684,33.966354
1685,30.313807
1686,33.648006
1687,30.581886
1688,32.20253
1689,29.160526
1690,23.176702
1691,27.492401
1692,43.573006
1693,39.99513
1694,47.226192
1695,46.259075
1696,43.687656
1697,12.926607
1698,20.414135
1699,19.995615
1700,45.092445
1701,45.734833
1702,23.537846
1703,10.033042
1704,12.600419
1705,18.54315
1706,18.028244
1707,11.523313
1708,23.034098
1709,39.618095
1710,43.33397
1711,48.717415
1712,47.890633
1713,44.39598
1714,19.148209
1715,18.638897
1716,18.659931
1717,14.159109
1718,43.730568
1719,41.74273
1720,46.843025
1721,46.936176
1722,43.917133
1723,24.156609
1724,14.864958
1725,16.095285
1726,39.23783
1727,44.307823
1728,47.693794
1729,38.440727
1730,16.947887
1731,15.461064
1732,43.618706
1733,47.61151
1734,47.42703
1735,46.553295
1736,41.16149
1737,39.39253
1738,38.032585
1739,41.10043
1740,44.098858
1741,44.157967
1742,39.565582
1743,44.559937
1744,35.5255
1745,44.557674
1746,11.887668
1747,15.011181
1748,23.13931
1749,38.07784
1750,38.746006
1751,47.664757
1752,48.52474
1753,15.293814
1754,21.26651
1755,18.853695
1756,18.028564
1757,40.041016
1758,47.429466
1759,47.15851
1760,47.690197
1761,47.05496
1762,43.70576
1763,14.141242
1764,15.789602
1765,20.483608
1766,22.43054
1767,49.14343
1768,48.117306
1769,47.40017
1770,23.569525
1771,19.88591
1772,19.3117
1773,46.997574
1774,45.918053
1775,46.488552
1776,45.729954
1777,45.158875
1778,11.418082
1779,15.602177
1780,16.376915
1781,15.671072
1782,22.371061
1783,38.847923
1784,43.277065
1785,45.35137
1786,40.8042
1787,27.080109
1788,20.608341
1789,17.882696
1790,17.832226
1791,24.682701
1792,25.0926
1793,21.211468
1794,41.356506
1795,37.587463
1796,36.16193
1797,44.678062
1798,45.762314
1799,46.267746
1800,44.743973
1801,42.01461
1802,44.1617
1803,39.331112
1804,43.486996
1805,43.282394
1806,39.836746
1807,45.145657
1808,45.926746
1809,45.042416
1810,45.451195
1811,44.427628
1812,44.521454
1813,41.805553
1814,13.772199
1815,22.323523
1816,21.489145
1817,17.163727
1818,25.366417
1819,39.70676
1820,42.762135
1821,46.89606
1822,46.599606
1823,13.9639845
1824,15.993025
1825,21.46667
1826,18.162365
1827,21.715889
1828,24.505543
1829,43.272877
1830,38.49681
1831,47.490974
1832,46.006325
1833,43.664997
1834,32.23398
1835,14.288496
1836,19.541689
1837,21.081951
1838,21.403673
1839,20.004742
1840,23.17527
1841,36.422245
1842,38.32699
1843,43.86433
1844,21.309504
1845,16.905725
1846,19.581713
1847,12.792139
1848,37.72487
1849,47.76248
1850,47.41138
1851,45.123978
1852,21.583467
1853,22.171799
1854,19.573597
1855,21.844841
1856,21.118776
1857,37.837997
1858,34.14599
1859,48.299267
1860,47.358532
1861,27.023376
1862,27.329205
1863,22.893803
1864,22.778955
1865,47.401424
1866,47.43716
1867,46.659996
1868,43.430527
1869,44.64572
1870,39.69458
1871,39.823025
1872,43.525543
1873,35.565018
1874,47.532677
1875,47.294903
1876,46.78213
1877,44.10037
1878,24.25771
1879,22.846142
1880,12.908283
1881,48.011215
1882,48.588318
1883,47.55881
1884,47.90025
1885,19.18027
1886,24.879005
1887,21.980711
1888,21.619576
1889,22.946451
1890,47.91717
1891,18.867884
1892,26.138428
1893,26.480003
1894,21.80535
1895,15.281573
1896,47.533688
1897,48.338974
1898,18.830475
1899,20.565252
1900,14.48312
1901,26.026285
1902,39.596153
1903,48.615257
1904,45.172783
1905,13.946988
1906,18.848278
1907,21.559786
1908,22.139473
1909,17.880331
1910,24.90766
1911,47.804943
1912,46.873215
1913,28.374851
1914,24.147762
1915,26.433577
1916,21.274405
1917,22.818277
1918,34.963024
1919,42.247887
1920,40.023174
1921,47.32678
1922,43.583633
1923,37.615715
1924,37.40387
1925,38.485947
1926,43.45208
1927,43.865704
1928,42.90715
1929,45.90423
1930,33.247456
1931,15.233773
1932,21.424715
1933,18.960768
1934,19.652746
1935,17.926245
1936,42.28057
1937,38.62467
1938,40.96347
1939,47.198513
1940,46.74583
1941,45.023365
1942,33.090656
1943,14.834557
1944,27.591875
1945,25.679602
1946,15.7317095
1947,23.718378
1948,42.664616
1949,41.03191
1950,48.84774
1951,46.343185
1952,44.14763
1953,31.35161
1954,17.592012
1955,17.269238
1956,20.901154
1957,17.558565
1958,13.23078
1959,39.454075
1960,46.279343
1961,47.54685
1962,46.414368
1963,46.907505
1964,43.532967
1965,21.785791
1966,20.177525
1967,44.626976
1968,42.233536
1969,47.92551
1970,44.116104
1971,12.743262
1972,14.712133
1973,15.778595
1974,15.136135
1975,12.665509
1976,22.871496
1977,39.113564
1978,47.496544
1979,46.73405
1980,47.393967
1981,46.10105
1982,42.01492
1983,27.019743
1984,20.758432
1985,19.880894
1986,18.584927
1987,19.04209
1988,38.608646
1989,43.073856
1990,46.540123
1991,46.58968
1992,46.160522
1993,41.877907
1994,38.661842
1995,37.506798
1996,38.783104
1997,39.527687
1998,47.824566
1999,33.2784
2000,18.745825
2001,21.091154
2002,22.18513
2003,17.136093
2004,25.308018
2005,42.972355
2006,42.195415
2007,47.48828
2008,13.25033
2009,14.636368
2010,20.403492
2011,17.942612
2012,13.969898
2013,13.446894
2014,18.906033
2015,18.184841
2016,20.878544
2017,16.92163
2018,34.121487
2019,35.96034
2020,39.138027
2021,47.336117
2022,46.949512
2023,46.69767
2024,20.333622
2025,18.068823
2026,20.29155
2027,22.992458
2028,19.318718
2029,44.29325
2030,37.424206
2031,41.583263
2032,47.34544
2033,45.427082
2034,19.298832
2035,15.812674
2036,15.584709
2037,19.835335
2038,11.103172
2039,46.44705
2040,45.6094
2041,46.490177
2042,29.032675
2043,27.431656
2044,19.00673
2045,19.129295
2046,43.359463
2047,39.70748
2048,35.29539
2049,41.128944
2050,39.928123
2051,44.135303
2052,35.639774
2053,46.640316
2054,46.89986
2055,43.964863
2056,17.044514
2057,25.620766
2058,23.504602
2059,20.005507
2060,24.069668
2061,19.773933
2062,14.334929
2063,46.326694
2064,47.0374
2065,46.10021
2066,17.02061
2067,23.569715
2068,18.788115
2069,21.836765
2070,12.686237
2071,36.0074
2072,39.47292
2073,42.49396
2074,47.59208
2075,28.877785
2076,13.7476015
2077,16.995388
2078,17.126247
2079,20.74901
2080,21.49279
2081,35.875248
2082,46.849228
2083,46.179775
2084,44.119556
2085,13.484889
2086,20.4722
2087,14.804961
2088,18.354069
2089,41.90768
2090,38.72386
2091,47.607464
2092,47.50666
2093,48.10531
2094,45.36316
2095,14.761172
2096,20.128843
2097,14.530801
2098,16.09811
2099,17.748083
2100,12.729045
2101,37.784626
2102,46.318745
2103,47.899857
2104,47.021843
2105,46.623417
2106,27.759941
2107,23.43778
2108,23.195978
2109,23.527212
2110,18.754295
2111,20.046806
2112,19.75428
2113,30.64651
2114,44.823074
2115,46.92876
2116,46.65942
2117,40.923233
2118,44.56866
2119,38.21071
2120,38.32862
2121,39.66988
2122,42.67188
2123,38.749603
2124,33.566414
2125,33.86423
2126,47.35227
2127,47.650223
2128,47.062107
2129,46.51136
2130,44.247467
2131,17.003515
2132,23.371828
2133,20.546331
2134,17.80104
2135,20.995947
2136,19.828632
2137,11.370326
2138,47.970818
2139,48.648373
2140,17.218504
2141,17.35041
2142,39.48446
2143,48.741932
2144,48.356148
2145,44.86975
2146,13.940189
2147,19.937061
2148,15.289973
2149,16.00911
2150,18.09738
2151,37.53726
2152,40.17049
2153,48.11125
2154,47.966564
2155,47.03742
2156,13.767779
2157,14.321027
2158,18.221685
2159,17.505207
2160,16.562927
2161,9.822408
2162,32.873547
2163,36.049587
2164,47.948727
2165,29.92978
2166,15.16278
2167,17.047773
2168,20.9273
2169,20.914595
2170,19.553482
2171,19.927177
2172,16.951468
2173,10.344019
2174,42.81298
2175,34.110153
2176,35.141407
2177,47.29748
2178,48.207355
2179,48.83468
2180,21.856821
2181,19.87397
2182,22.42455
2183,21.428982
2184,18.718277
2185,30.164986
2186,36.63426
2187,32.35823
2188,46.802563
2189,46.75893
2190,46.74786
2191,45.84226
2192,44.983776
2193,44.777912
2194,36.493282
2195,44.112198
2196,41.656666
2197,36.12857
2198,37.04718
2199,35.281357
2200,32.893738
2201,37.299866
2202,46.844955
2203,45.91671
2204,45.292454
2205,14.558436
2206,20.712921
2207,11.535574
2208,38.418144
2209,38.728024
2210,45.44218
2211,43.515923
2212,27.022964
2213,18.639145
2214,19.633093
2215,17.541967
2216,7.959695
2217,19.393106
2218,42.474087
2219,46.31456
2220,46.763134
2221,46.149536
2222,45.605923
2223,43.97661
2224,12.813927
2225,16.626865
2226,16.147217
2227,17.442081
2228,8.977937
2229,8.070789
2230,20.534164
2231,44.143383
2232,46.862408
2233,47.410522
2234,47.92108
2235,47.26215
2236,44.569447
2237,13.20261
2238,18.279337
2239,27.347696
2240,17.42003
2241,22.841656
2242,36.737484
2243,46.084198
2244,47.522533
2245,47.304245
2246,47.6197
2247,46.688675
2248,44.575623
2249,28.069904
2250,12.752194
2251,21.735537
2252,19.336113
2253,15.745886
2254,17.21451
2255,13.769353
2256,7.677376
2257,17.47095
2258,24.679045
2259,35.758305
2260,47.74102
2261,48.63826
2262,47.51538
2263,26.26775
2264,16.176285
2265,19.948124
2266,38.25977
2267,47.775772
2268,46.543976
2269,43.05318
2270,42.988625
2271,40.92164
2272,41.098976
2273,41.877956
2274,43.575768
2275,45.07857
2276,38.172146
2277,37.162914
2278,48.071728
2279,47.34131
2280,48.095398
2281,47.398376
2282,24.954163
2283,25.54651
2284,24.290287
2285,21.55418
2286,23.210575
2287,23.691734
2288,13.184756
2289,40.358814
2290,46.66698
2291,24.232542
2292,12.681526
2293,15.636624
2294,19.217764
2295,18.864311
2296,19.264666
2297,42.379116
2298,38.01297
2299,48.177055
2300,46.790257
2301,18.867435
2302,16.959105
2303,15.600124
2304,17.61602
2305,9.783318
2306,7.1693463
2307,36.910946
2308,40.317337
2309,48.293015
2310,47.22318
2311,47.881676
2312,47.218174
2313,44.589558
2314,24.406126
2315,47.884396
2316,48.42598
2317,47.222702
2318,23.797926
2319,13.848805
2320,19.182
2321,18.91927
2322,16.208569
2323,8.496128
2324,18.674896
2325,36.707306
2326,47.05382
2327,48.022995
2328,47.762177
2329,47.21458
2330,46.80942
2331,40.886497
2332,26.274317
2333,23.373896
2334,16.97075
2335,16.224133
2336,14.325704
2337,37.732574
2338,31.06167
2339,34.817234
2340,47.50763
2341,41.632954
2342,41.251575
2343,42.09842
2344,39.323383
2345,44.58817
2346,47.578598
2347,47.495758
2348,14.286366
2349,24.120293
2350,22.404196
2351,18.948582
2352,22.424475
2353,42.356773
2354,47.603924
2355,48.123337
2356,47.168926
2357,44.1851
2358,14.896038
2359,20.000555
2360,17.270576
2361,14.633525
2362,17.317425
2363,10.774951
2364,8.800163
2365,36.14691
2366,47.27483
2367,47.92756
2368,47.114483
2369,43.76319
2370,23.470667
2371,15.718796
2372,34.894817
2373,43.489906
2374,47.821663
2375,47.123318
2376,11.9213085
2377,19.61241
2378,16.453712
2379,13.018741
2380,7.678792
2381,34.750748
2382,39.957886
2383,46.951057
2384,46.80087
2385,44.13323
2386,12.438988
2387,17.842175
2388,16.959785
2389,34.63531
2390,46.868317
2391,48.31295
2392,48.51288
2393,27.372704
2394,25.426935
2395,18.93283
2396,20.476604
2397,19.174828
2398,48.079964
2399,48.840237
2400,48.79917
2401,28.323092
2402,22.96206
2403,22.513353
2404,31.191092
2405,31.971125
2406,42.150345
2407,43.668056
2408,37.491222
2409,47.916664
2410,47.02982
2411,32.878506
2412,25.119516
2413,31.933098
2414,25.480597
2415,28.039333
2416,20.732565
2417,41.108315
2418,47.648884
2419,46.42273
2420,24.96123
2421,16.86306
2422,47.338856
2423,46.324768
2424,13.540699
2425,17.163282
2426,16.686996
2427,17.875853
2428,14.206566
2429,16.34515
2430,9.602638
2431,7.287715
2432,34.07527
2433,47.918476
2434,47.229443
2435,24.699488
2436,16.86156
2437,21.66215
2438,22.104933
2439,16.953722
2440,16.080765
2441,40.827103
2442,47.245094
2443,47.3476
2444,46.680325
2445,43.974373
2446,15.146141
2447,19.453592
2448,19.428926
2449,15.266765
2450,13.11743
2451,14.25559
2452,48.994385
2453,41.14625
2454,26.500408
2455,25.866245
2456,14.674304
2457,33.897564
2458,28.919722
2459,47.3686
2460,46.286022
2461,36.868534
2462,38.95086
2463,41.503918
2464,32.80433
2465,31.688364
2466,40.656612
2467,40.046062
2468,41.47618
2469,47.636227
2470,48.29686
2471,47.543167
2472,47.077675
2473,28.506817
2474,17.177681
2475,18.65946
2476,24.086401
2477,24.551748
2478,24.524088
2479,16.881582
2480,16.75515
2481,47.446213
2482,46.115944
2483,48.415455
2484,48.739944
2485,50.44403
2486,50.182415
2487,21.312872
2488,24.062313
2489,30.277483
2490,29.070715
2491,26.864454
2492,28.206577
2493,19.250662
2494,46.72896
2495,40.758068
2496,48.660564
2497,47.549423
2498,48.023914
2499,46.830116
2500,45.208084
2501,21.1289
2502,16.047695
2503,19.270224
2504,10.196003
2505,21.83245
2506,41.314518
2507,49.02889
2508,48.529266
2509,47.797955
2510,45.53729
2511,14.077052
2512,22.12217
2513,19.150873
2514,19.341902
2515,21.083714
2516,17.282469
2517,35.49572
2518,36.088657
2519,15.847908
2520,22.03488
2521,17.20983
2522,18.154858
2523,10.648706
2524,9.509125
2525,18.387068
2526,34.50165
2527,43.933228
2528,43.7675
2529,47.872185
2530,48.296574
2531,21.58414
2532,22.261847
2533,18.29796
2534,21.367788
2535,34.1508
2536,41.796597
2537,44.01184
2538,45.263187
2539,39.94899
2540,36.23114
2541,38.37413
2542,41.105904
2543,42.878914
2544,46.698963
2545,47.261116
2546,47.37578
2547,45.939472
2548,34.491608
2549,34.25419
2550,29.62039
2551,29.291616
2552,21.598257
2553,27.482164
2554,42.59148
2555,44.747654
2556,48.161217
2557,48.817894
2558,47.868122
2559,48.234627
2560,45.487747
2561,29.91399
2562,17.905762
2563,21.165379
2564,27.368443
2565,21.696331
2566,19.02185
2567,39.290195
2568,47.35198
2569,44.712833
2570,16.044065
2571,24.117168
2572,20.107197
2573,15.406973
2574,11.56476
2575,48.635773
2576,24.521835
2577,11.683443
2578,10.04659
2579,43.664555
2580,41.253967
2581,46.406124
2582,46.66407
2583,47.148163
2584,46.61398
2585,44.306458
2586,18.82372
2587,26.15635
2588,21.4657
2589,23.57606
2590,19.93231
2591,41.786964
2592,33.857376
2593,43.200512
2594,45.917526
2595,45.679234
2596,21.904806
2597,24.132603
2598,24.68057
2599,22.689013
2600,21.570667
2601,20.15533
2602,20.375792
2603,40.184273
2604,47.299866
2605,47.69735
2606,47.03389
2607,41.78415
2608,39.912643
2609,42.035206
2610,40.289185
2611,40.70459
2612,40.68639
2613,44.891724
2614,38.503014
2615,46.7225
2616,47.74771
2617,43.957737
2618,27.250103
2619,15.648473
2620,18.02744
2621,27.427988
2622,23.224165
2623,20.698753
2624,23.091019
2625,22.199974
2626,40.79287
2627,47.772617
2628,48.10075
2629,47.18036
2630,25.899866
2631,22.544895
2632,17.63419
2633,20.789618
2634,18.712557
2635,39.6853
2636,46.694767
2637,41.902378
2638,45.140163
2639,47.335976
2640,48.271263
2641,47.050243
2642,25.051323
2643,14.428717
2644,19.35409
2645,15.394521
2646,17.246222
2647,15.07194
2648,8.9198265
2649,44.556816
2650,47.83309
2651,47.94346
2652,48.483322
2653,47.909595
2654,25.505947
2655,15.912189
2656,19.59962
2657,17.059023
2658,19.918892
2659,44.776344
2660,37.967377
2661,47.447758
2662,48.51604
2663,47.63753
2664,47.149185
2665,24.69049
2666,13.400047
2667,20.09889
2668,16.96552
2669,18.942265
2670,17.69521
2671,44.822315
2672,35.07773
2673,21.935617
2674,21.20564
2675,21.582773
2676,30.412819
2677,35.89502
2678,37.286304
2679,46.30792
2680,46.76879
2681,45.922966
2682,43.257404
2683,39.357655
2684,39.006454
2685,40.812748
2686,46.760635
2687,46.204823
2688,45.886066
2689,43.28845
2690,25.851072
2691,16.45083
2692,19.789808
2693,14.958479
2694,37.095947
2695,42.830494
2696,40.128128
2697,47.17371
2698,46.995064
2699,46.15238
2700,10.785419
2701,13.422433
2702,14.40407
2703,15.736276
2704,34.39462
2705,39.136234
2706,49.685246
2707,46.966114
2708,25.443722
2709,30.034883
2710,26.018671
2711,27.60892
2712,23.680122
2713,23.91842
2714,18.860817
2715,45.3507
2716,47.41564
2717,47.144306
2718,25.98195
2719,16.810669
2720,22.321135
2721,17.692661
2722,19.700247
2723,17.154173
2724,11.898407
2725,20.754639
2726,37.923927
2727,47.57926
2728,48.14329
2729,45.068466
2730,21.602821
2731,16.603842
2732,11.081511
2733,20.84004
2734,36.08892
2735,47.238792
2736,49.120476
2737,48.561497
2738,49.165615
2739,48.5372
2740,42.074085
2741,27.371042
2742,22.43589
2743,21.596365
2744,22.124294
2745,20.45062
2746,19.218618
2747,36.402264
2748,48.24829
2749,48.155964
2750,47.30806
2751,43.243
2752,43.156715
2753,37.354424
2754,40.864113
2755,36.570724
2756,35.102646
2757,48.52773
2758,48.040398
2759,48.089626
2760,21.836227
2761,16.586208
2762,17.516891
2763,12.059287
2764,21.474377
2765,40.017097
2766,43.291664
2767,48.25697
2768,48.717876
2769,47.648758
2770,45.540535
2771,13.786907
2772,21.055397
2773,21.490368
2774,18.51208
2775,19.16928
2776,36.33117
2777,44.076405
2778,41.01205
2779,48.360214
2780,48.031303
2781,48.678066
2782,47.98298
2783,45.31151
2784,25.413761
2785,13.753539
2786,20.935774
2787,18.32768
2788,14.924672
2789,8.805569
2790,20.183172
2791,37.460938
2792,45.430717
2793,39.967197
2794,42.934517
2795,48.76048
2796,47.48009
2797,15.8974085
2798,21.554161
2799,22.247272
2800,19.071806
2801,18.45325
2802,21.078875
2803,17.60566
2804,20.596416
2805,35.624977
2806,47.780746
2807,48.82051
2808,47.91827
2809,26.370138
2810,14.665828
2811,19.579664
2812,15.685311
2813,14.922599
2814,19.906475
2815,44.514202
2816,37.234215
2817,47.93972
2818,25.105564
2819,25.433716
2820,22.046953
2821,19.805313
2822,34.12637
2823,39.86409
2824,35.959747
2825,42.345135
2826,45.952183
2827,45.92915
2828,46.073215
2829,40.905617
2830,37.71605
2831,37.505558
2832,37.613964
2833,38.81658
2834,36.44795
2835,32.2982
2836,36.28616
2837,47.097595
2838,46.549107
2839,13.829316
2840,22.142078
2841,20.61832
2842,19.562014
2843,16.526514
2844,19.553892
2845,12.789484
2846,39.9782
2847,44.53708
2848,47.831364
2849,48.133724
2850,48.647835
2851,48.23495
2852,47.600643
2853,45.38771
2854,17.736816
2855,17.96527
2856,45.847614
2857,40.11151
2858,42.518097
2859,48.755795
2860,24.876745
2861,13.73594
2862,15.359022
2863,20.001762
2864,18.080578
2865,8.767351
2866,20.280556
2867,37.217278
2868,44.524483
2869,35.827297
2870,23.020098
2871,22.195389
2872,22.3363
2873,18.47039
2874,14.094426
2875,39.091137
2876,47.2775
2877,49.212875
2878,48.004715
2879,48.847466
2880,24.101238
2881,15.709559
2882,19.285812
2883,20.711708
2884,18.663803
2885,15.739339
2886,12.143207
2887,45.9426
2888,39.769657
2889,47.56349
2890,46.693092
2891,46.295418
2892,39.88766
2893,20.872843
2894,20.316694
2895,19.916155
2896,18.560177
2897,17.331295
2898,29.501865
2899,41.960167
2900,35.024372
2901,47.876774
2902,47.453865
2903,39.25458
2904,38.57491
2905,40.701206
2906,42.85867
2907,40.912445
2908,43.280087
2909,36.820904
2910,35.59921
2911,46.87543
2912,46.712315
2913,25.817352
2914,15.212495
2915,27.046726
2916,24.130028
2917,23.468388
2918,39.598343
2919,43.424854
2920,47.07721
2921,47.846985
2922,47.09126
2923,22.582045
2924,19.517569
2925,21.402195
2926,17.316317
2927,11.467023
2928,9.669299
2929,40.47509
2930,48.44413
2931,47.994286
2932,14.1183815
2933,17.01255
2934,19.564802
2935,19.649616
2936,16.845327
2937,8.833819
2938,45.507053
2939,41.7096
2940,47.910122
2941,47.73991
2942,47.269623
2943,15.757614
2944,22.8343
2945,23.069609
2946,12.050432
2947,20.447048
2948,43.60968
2949,36.63074
2950,40.98064
2951,48.378036
2952,45.88936
2953,25.620827
2954,15.459186
2955,21.773676
2956,18.942045
2957,16.80566
2958,18.478888
2959,20.26005
2960,41.47861
2961,36.593544
2962,47.475555
2963,49.10144
2964,42.178894
2965,27.054058
2966,21.6233
2967,22.62528
2968,24.019033
2969,21.925869
2970,20.540998
2971,31.170702
2972,45.48044
2973,47.83833
2974,47.46601
2975,43.578617
2976,39.577503
2977,34.919792
2978,46.955482
2979,24.84267
2980,21.046867
2981,19.197912
2982,21.530724
2983,16.066643
2984,12.661228
2985,45.335228
2986,47.716045
2987,47.544273
2988,47.98388
2989,44.539696
2990,14.071841
2991,16.652721
2992,23.12001
2993,22.974936
2994,18.392168
2995,12.131582
2996,18.37078
2997,44.774334
2998,45.03163
2999,48.443573
3000,47.42238
3001,47.072186
3002,23.074535
3003,18.310427
3004,16.531946
3005,9.161292
3006,40.179058
3007,43.48603
3008,47.47947
3009,45.136982
3010,19.746805
3011,19.837423
3012,22.097929
3013,38.152412
3014,43.262093
3015,35.78118
3016,48.23142
3017,25.060246
3018,20.001501
3019,17.686535
3020,16.143642
3021,10.326888
3022,20.764668
3023,32.878506
3024,45.72986
3025,39.172215
3026,17.646572
3027,14.829241
3028,18.89643
3029,19.96714
3030,20.18397
3031,35.37849
3032,44.08407
3033,46.32119
3034,46.544216
3035,46.78701
3036,43.497215
3037,38.433033
3038,36.788727
3039,38.40767
3040,36.789925
3041,39.15198
3042,35.832146
3043,44.168877
3044,43.13444
3045,43.58454
3046,47.011375
3047,47.46838
3048,43.866905
3049,14.188368
3050,23.63928
3051,19.118555
3052,18.526241
3053,14.7578
3054,17.78094
3055,14.168721
3056,46.37224
3057,48.20815
3058,48.991806
3059,48.13828
3060,48.81927
3061,15.921468
3062,22.346752
3063,17.99488
3064,14.391334
3065,16.894342
3066,15.744047
3067,11.1103115
3068,44.8727
3069,40.40822
3070,48.89351
3071,48.575375
3072,48.015903
3073,47.61304
3074,23.876556
3075,21.68845
3076,22.457964
3077,17.499937
3078,16.833479
3079,17.393053
3080,8.430946
3081,35.959236
3082,44.44569
3083,44.176834
3084,48.81121
3085,47.931416
3086,48.004444
3087,23.709663
3088,15.403076
3089,20.794981
3090,21.757326
3091,15.116944
3092,17.775969
3093,13.773183
3094,37.37216
3095,37.050266
3096,48.949642
3097,47.553337
3098,24.308104
3099,19.080343
3100,20.12427
3101,16.37148
3102,16.703218
3103,17.852554
3104,8.132349
3105,38.519997
3106,37.596897
3107,46.982536
3108,47.86801
3109,47.08414
3110,22.576384
3111,19.074427
3112,16.617771
3113,18.552248
3114,33.095642
3115,34.8669
3116,46.43115
3117,46.217503
3118,43.015675
3119,36.622795
3120,36.048336
3121,37.718704
3122,37.572174
3123,40.416397
3124,40.196266
3125,34.24936
3126,36.091885
3127,35.575027
3128,42.92227
3129,47.138107
3130,47.48768
3131,46.678055
3132,45.997948
3133,24.358631
3134,15.083451
3135,17.51831
3136,23.992083
3137,23.514666
3138,17.138985
3139,11.973449
3140,47.353912
3141,24.260029
3142,17.71649
3143,15.067644
3144,10.599353
3145,9.258217
3146,47.418274
3147,48.363213
3148,45.971992
3149,43.71707
3150,13.386882
3151,8.922063
3152,33.716633
3153,45.860382
3154,48.32827
3155,47.23065
3156,14.236287
3157,22.613848
3158,18.345596
3159,17.815903
3160,14.350934
3161,47.76438
3162,45.048836
3163,25.330744
3164,13.516259
3165,19.505363
3166,16.102785
3167,17.294771
3168,15.426726
3169,7.9835505
3170,19.16564
3171,35.636982
3172,48.702755
3173,49.938625
3174,49.415447
3175,25.55926
3176,20.925957
3177,19.145313
3178,18.95713
3179,16.041397
3180,18.982275
3181,21.454115
3182,18.049593
3183,42.782387
3184,34.260178
3185,36.800037
3186,44.40385
3187,47.65501
3188,47.679253
3189,47.797375
3190,46.586536
3191,41.832886
3192,36.36855
3193,40.437733
3194,40.249058
3195,42.78014
3196,45.754765
3197,48.156975
3198,48.44576
3199,47.357716
3200,48.333088
3201,45.192554
3202,25.642889
3203,15.594718
3204,22.212067
3205,15.826195
3206,12.070849
3207,37.405365
3208,42.422035
3209,37.166565
3210,48.523087
3211,47.333893
3212,48.281853
3213,47.697254
3214,45.315792
3215,14.639025
3216,20.280258
3217,17.93897
3218,38.757065
3219,38.304623
3220,41.410107
3221,48.582832
3222,47.10002
3223,47.846172
3224,19.910841
3225,21.010706
3226,18.103369
3227,10.73668
3228,37.380386
3229,38.817654
3230,42.661884
3231,48.42602
3232,47.133965
3233,47.880447
3234,46.97295
3235,21.751225
3236,18.204144
3237,16.165775
3238,18.063051
3239,8.775979
3240,20.70659
3241,43.516323
3242,48.404102
3243,48.369057
3244,24.879324
3245,13.061689
3246,16.046165
3247,21.853544
3248,19.795837
3249,15.945225
3250,12.656544
3251,13.795162
3252,19.142815
3253,37.483818
3254,29.141735
3255,34.24493
3256,48.785763
3257,49.08499
3258,25.117384
3259,25.47289
3260,16.202072
3261,18.757477
3262,40.49263
3263,37.91452
3264,32.600464
3265,44.93183
3266,47.134026
3267,39.036682
3268,37.378033
3269,39.038593
3270,38.5391
3271,37.351646
3272,45.225357
3273,47.23342
3274,46.339825
3275,14.964504
3276,18.927517
3277,17.568647
3278,11.118937
3279,23.109823
3280,39.182037
3281,47.00322
3282,47.815212
3283,47.199295
3284,24.676294
3285,23.699808
3286,18.928022
3287,18.811972
3288,14.697341
3289,16.641588
3290,13.122146
3291,11.529307
3292,37.959873
3293,43.942078
3294,38.63746
3295,40.32757
3296,47.112995
3297,47.962788
3298,44.566917
3299,25.21761
3300,18.915808
3301,16.547756
3302,49.260075
3303,48.108
3304,48.82224
3305,48.299362
3306,25.482796
3307,15.939513
3308,18.165045
3309,18.0813
3310,16.472406
3311,11.252919
3312,19.090214
3313,33.876728
3314,48.51529
3315,49.574047
3316,47.45488
3317,45.103405
3318,25.194237
3319,15.65782
3320,16.991362
3321,20.259771
3322,19.21111
3323,13.853748
3324,13.679318
3325,11.222316
3326,6.799934
3327,17.030922
3328,37.398598
3329,42.4727
3330,47.883537
3331,47.87031
3332,23.816317
3333,24.738781
3334,44.786606
3335,47.209526
3336,47.43834
3337,47.131195
3338,44.054497
3339,41.184135
3340,40.991077
3341,39.41279
3342,36.751953
3343,37.811653
3344,25.401047
3345,37.44739
3346,46.66779
3347,47.109116
3348,46.381447
3349,44.341957
3350,24.930132
3351,15.573661
3352,18.193233
3353,16.752481
3354,11.968765
3355,23.58651
3356,38.514244
3357,44.882103
3358,47.68292
3359,48.596737
3360,24.826324
3361,22.577099
3362,22.710238
3363,15.098231
3364,10.568698
3365,20.96419
3366,38.140984
3367,48.133724
3368,45.736008
3369,25.732111
3370,15.678125
3371,37.544075
3372,41.33139
3373,47.142193
3374,48.784203
3375,47.771023
3376,47.960205
3377,25.140427
3378,14.183297
3379,13.882283
3380,21.87469
3381,16.093964
3382,15.736966
3383,15.556755
3384,6.8112817
3385,18.007296
3386,34.398964
3387,46.712334
3388,28.527042
3389,23.006756
3390,8.472576
3391,15.31407
3392,28.93481
3393,47.193474
3394,48.82531
3395,48.740177
3396,47.541435
3397,23.105719
3398,23.647642
3399,18.552198
3400,19.932322
3401,21.286547
3402,20.715658
3403,20.820732
3404,24.97075
3405,43.89999
3406,46.910133
3407,47.25781
3408,47.21044
3409,46.57458
3410,47.05923
3411,39.51964
3412,36.96219
3413,39.648613
3414,31.89767
3415,47.530827
3416,45.13552
3417,25.046806
3418,29.738035
3419,20.20718
3420,20.62235
3421,14.163497
3422,14.961574
3423,41.04028
3424,48.390858
3425,48.67458
3426,48.009518
3427,45.40403
3428,30.032225
3429,33.248436
3430,31.440449
3431,27.17408
3432,27.00445
3433,19.864979
3434,17.247892
3435,27.080544
3436,44.159817
3437,48.844917
3438,50.337498
3439,48.46943
3440,48.13836
3441,29.598993
3442,25.870436
3443,25.654678
3444,18.260397
3445,15.367205
3446,25.70848
3447,41.04903
3448,48.31398
3449,46.944134
3450,47.678467
3451,47.255386
3452,45.207882
3453,37.784252
3454,26.705399
3455,21.087982
3456,22.50347
3457,20.064184
3458,11.290469
3459,47.028732
3460,48.96379
3461,48.27415
3462,47.684467
3463,47.163338
3464,21.846138
3465,16.964401
3466,18.782911
3467,21.383076
3468,12.33743
3469,37.91073
3470,48.20495
3471,47.55669
3472,32.240944
3473,25.166193
3474,22.853668
3475,24.897272
3476,34.34266
3477,40.2972
3478,35.27553
3479,42.50091
3480,44.818886
3481,46.07798
3482,46.236763
3483,46.175987
3484,46.525696
3485,46.194683
3486,42.43784
3487,45.123703
3488,43.119537
3489,39.82275
3490,39.487514
3491,45.66555
3492,44.507957
3493,47.32215
3494,46.510387
3495,45.024498
3496,29.395247
3497,20.983383
3498,18.228188
3499,14.7354965
3500,21.381052
3501,45.817318
3502,39.650616
3503,43.634743
